{"initial_reset_timestamp": 1578012083.8431919, "timestamps": [1578012086.3200612], "episode_lengths": [73], "episode_rewards": [-72.0], "episode_types": ["t"]}